{
  "default": {
    "players": 2,
    "players_name":[
      "white",
      "black"
    ],
    "locations": 61,
    "rows": [
      5,
      6,
      7,
      8,
      9,
      8,
      7,
      6,
      5
    ],
    "dimension": {
      "width": 880,
      "height": 600,
      "marble_radius": 24,
      "header_height": 30
    },
    "sprites": {
      "board": "assets/default/board_880x600.png",
      "players": [
        "assets/default/white48px.png",
        "assets/default/black48px.png"
      ],
      "arrows":[
        "assets/default/black_arrow.png",
        "assets/default/white_arrow.png"
      ],
      "selected": "assets/default/selected.png",
      "header": "assets/default/header.png"
    },
    "out_coordinates": [
      [
        [
          782,
          188
        ],
        [
          750,
          132
        ],
        [
          814,
          132
        ],
        [
          718,
          74
        ],
        [
          782,
          74
        ],
        [
          846,
          74
        ]
      ],
      [
        [
          718,
          525
        ],
        [
          782,
          525
        ],
        [
          846,
          525
        ],
        [
          750,
          468
        ],
        [
          814,
          468
        ],
        [
          782,
          412
        ]
      ]
    ],
    "coordinates": [
      [
        310,
        525
      ],
      [
        374,
        525
      ],
      [
        440,
        525
      ],
      [
        506,
        525
      ],
      [
        570,
        525
      ],
      [
        277,
        468
      ],
      [
        342,
        468
      ],
      [
        407,
        468
      ],
      [
        472,
        468
      ],
      [
        537,
        468
      ],
      [
        602,
        468
      ],
      [
        245,
        412
      ],
      [
        310,
        412
      ],
      [
        374,
        412
      ],
      [
        440,
        412
      ],
      [
        506,
        412
      ],
      [
        570,
        412
      ],
      [
        635,
        412
      ],
      [
        213,
        356
      ],
      [
        277,
        356
      ],
      [
        343,
        356
      ],
      [
        408,
        356
      ],
      [
        473,
        356
      ],
      [
        538,
        356
      ],
      [
        602,
        356
      ],
      [
        668,
        356
      ],
      [
        180,
        300
      ],
      [
        245,
        300
      ],
      [
        310,
        300
      ],
      [
        374,
        300
      ],
      [
        440,
        300
      ],
      [
        506,
        300
      ],
      [
        570,
        300
      ],
      [
        636,
        300
      ],
      [
        701,
        300
      ],
      [
        213,
        244
      ],
      [
        277,
        244
      ],
      [
        343,
        244
      ],
      [
        408,
        244
      ],
      [
        473,
        244
      ],
      [
        538,
        244
      ],
      [
        602,
        244
      ],
      [
        668,
        244
      ],
      [
        245,
        188
      ],
      [
        310,
        188
      ],
      [
        374,
        188
      ],
      [
        440,
        188
      ],
      [
        506,
        188
      ],
      [
        570,
        188
      ],
      [
        635,
        188
      ],
      [
        277,
        132
      ],
      [
        342,
        132
      ],
      [
        407,
        132
      ],
      [
        472,
        132
      ],
      [
        537,
        132
      ],
      [
        602,
        132
      ],
      [
        310,
        74
      ],
      [
        374,
        74
      ],
      [
        440,
        74
      ],
      [
        506,
        74
      ],
      [
        570,
        74
      ]
    ]
  }
}