{
  "anglattack": {
    "id": 0,
    "board_nb": 61,
    "players": 2,
    "players_sets": [
      [
        3,
        4,
        6,
        10,
        13,
        27,
        28,
        31,
        34,
        45,
        51,
        55,
        59,
        60
      ],
      [
        0,
        1,
        5,
        9,
        15,
        26,
        29,
        32,
        33,
        47,
        50,
        54,
        56,
        57
      ]
    ]
  },
  "sibe": {
    "id": 1,
    "board_nb": 61,
    "players": 2,
    "players_sets": [
      [
        3,
        4,
        10,
        17,
        21,
        25,
        29,
        34,
        38,
        42,
        49,
        55,
        58,
        59,
        60
      ],
      [
        0,
        1,
        2,
        5,
        11,
        18,
        22,
        26,
        31,
        35,
        39,
        43,
        50,
        56,
        57
      ]
    ]
  },
  "mosaic": {
    "id": 2,
    "board_nb": 61,
    "players": 2,
    "players_sets": [
      [
        6,
        7,
        8,
        9,
        21,
        22,
        45,
        46,
        47,
        56,
        57,
        58,
        59,
        60
      ],
      [
        0,
        1,
        2,
        3,
        4,
        13,
        14,
        15,
        38,
        39,
        51,
        52,
        53,
        54
      ]
    ]
  },
  "snowflake": {
    "id": 3,
    "board_nb": 61,
    "players": 2,
    "players_sets": [
      [
        1,
        5,
        9,
        15,
        21,
        25,
        28,
        33,
        39,
        42,
        47,
        50,
        51,
        57
      ],
      [
        3,
        6,
        10,
        13,
        18,
        22,
        27,
        32,
        35,
        38,
        45,
        54,
        55,
        59
      ]
    ]
  },
  "spider": {
    "id": 4,
    "board_nb": 61,
    "players": 2,
    "players_sets": [
      [
        26,
        27,
        28,
        29,
        37,
        38,
        39,
        40,
        45,
        47,
        51,
        54,
        56,
        60
      ],
      [
        0,
        4,
        6,
        9,
        13,
        15,
        20,
        21,
        22,
        23,
        31,
        32,
        33,
        34
      ]
    ]
  },
  "infiltration": {
    "id": 5,
    "board_nb": 61,
    "players": 2,
    "players_sets": [
      [
        1,
        3,
        6,
        7,
        8,
        9,
        12,
        14,
        16,
        19,
        24,
        45,
        47,
        58
      ],
      [
        2,
        13,
        15,
        36,
        41,
        44,
        46,
        48,
        51,
        52,
        53,
        54,
        57,
        59
      ]
    ]
  },
  "the-arrow": {
    "id": 6,
    "board_nb": 61,
    "players": 2,
    "players_sets": [
      [
        0,
        1,
        5,
        6,
        13,
        21,
        22,
        29,
        39,
        47,
        54,
        55,
        59,
        60
      ],
      [
        2,
        3,
        11,
        14,
        15,
        18,
        20,
        28,
        30,
        31,
        38,
        48,
        53
      ]
    ]
  },
  "german-daisy": {
    "id": 7,
    "board_nb": 61,
    "players": 2,
    "players_sets": [
      [
        9,
        10,
        15,
        16,
        17,
        23,
        24,
        36,
        37,
        43,
        44,
        45,
        50,
        51
      ],
      [
        5,
        6,
        11,
        12,
        13,
        19,
        20,
        40,
        41,
        47,
        48,
        49,
        54,
        55
      ]
    ]
  },
  "domination-vs-daisy": {
    "id": 8,
    "board_nb": 61,
    "players": 2,
    "players_sets": [
      [
        10,
        16,
        17,
        23,
        24,
        25,
        29,
        31,
        35,
        36,
        37,
        43,
        44,
        50
      ],
      [
        5,
        6,
        11,
        12,
        13,
        19,
        20,
        40,
        41,
        47,
        48,
        49,
        54,
        55
      ]
    ]
  },
  "french-daisy": {
    "id": 9,
    "board_nb": 61,
    "players": 2,
    "players_sets": [
      [
        7,
        8,
        13,
        14,
        15,
        21,
        22,
        38,
        39,
        45,
        46,
        47,
        52,
        53
      ],
      [
        19,
        20,
        23,
        24,
        27,
        28,
        29,
        31,
        32,
        33,
        36,
        37,
        40,
        41
      ]
    ]
  },
  "wheel": {
    "id": 10,
    "board_nb": 61,
    "players": 2,
    "players_sets": [
      [
        21,
        23,
        26,
        27,
        29,
        32,
        38,
        40,
        45,
        47,
        51,
        54,
        56,
        60
      ],
      [
        0,
        4,
        6,
        9,
        13,
        15,
        20,
        22,
        28,
        31,
        33,
        34,
        37,
        39
      ]
    ]
  },
  "octopus": {
    "id": 11,
    "board_nb": 61,
    "players": 2,
    "players_sets": [
      [
        1,
        5,
        13,
        24,
        32,
        40,
        44,
        45,
        46,
        48,
        49,
        53,
        58,
        60
      ],
      [
        0,
        2,
        7,
        11,
        12,
        14,
        15,
        16,
        20,
        28,
        36,
        47,
        55,
        59
      ]
    ]
  },
  "infiltralien": {
    "id": 12,
    "board_nb": 61,
    "players": 2,
    "players_sets": [
      [
        1,
        3,
        13,
        14,
        15,
        38,
        39,
        51,
        52,
        53,
        54,
        56,
        58,
        60
      ],
      [
        0,
        2,
        4,
        6,
        7,
        8,
        9,
        21,
        22,
        45,
        46,
        47,
        57,
        59
      ]
    ]
  },
  "windmill": {
    "id": 13,
    "board_nb": 61,
    "players": 2,
    "players_sets": [
      [
        3,
        4,
        8,
        9,
        22,
        26,
        27,
        35,
        36,
        38,
        48,
        54,
        55,
        60
      ],
      [
        0,
        5,
        6,
        12,
        24,
        25,
        29,
        31,
        33,
        34,
        51,
        52,
        56,
        57
      ]
    ]
  },
  "centrifuge": {
    "id": 14,
    "board_nb": 61,
    "players": 2,
    "players_sets": [
      [
        5,
        10,
        11,
        12,
        16,
        17,
        18,
        19,
        24,
        25,
        46,
        57,
        58,
        59
      ],
      [
        1,
        2,
        3,
        14,
        35,
        36,
        41,
        42,
        43,
        44,
        48,
        49,
        50,
        55
      ]
    ]
  },
  "labyrinth": {
    "id": 15,
    "board_nb": 61,
    "players": 2,
    "players_sets": [
      [
        2,
        4,
        10,
        13,
        17,
        29,
        33,
        35,
        38,
        41,
        46,
        48,
        54,
        57
      ],
      [
        3,
        6,
        12,
        14,
        19,
        22,
        25,
        27,
        31,
        43,
        47,
        50,
        56,
        58
      ]
    ]
  },
  "belgian-daisy": {
    "id": 16,
    "board_nb": 61,
    "players": 2,
    "players_sets": [
      [
        3,
        4,
        8,
        9,
        10,
        15,
        16,
        44,
        45,
        50,
        51,
        52,
        56,
        57
      ],
      [
        0,
        1,
        5,
        6,
        7,
        12,
        13,
        47,
        48,
        53,
        54,
        55,
        59,
        60
      ]
    ]
  },
  "swiss-daisy": {
    "id": 17,
    "board_nb": 61,
    "players": 2,
    "players_sets": [
      [
        9,
        10,
        12,
        15,
        17,
        23,
        24,
        36,
        37,
        43,
        45,
        48,
        50,
        51
      ],
      [
        5,
        6,
        11,
        13,
        16,
        19,
        20,
        40,
        41,
        44,
        47,
        49,
        54,
        55
      ]
    ]
  },
  "neko": {
    "id": 18,
    "board_nb": 61,
    "players": 2,
    "players_sets": [
      [
        8,
        16,
        28,
        36,
        37,
        43,
        45,
        46,
        47,
        50,
        53,
        56,
        57,
        58
      ],
      [
        2,
        3,
        4,
        7,
        10,
        13,
        14,
        15,
        17,
        23,
        24,
        32,
        44,
        52
      ]
    ]
  },
  "trench": {
    "id": 19,
    "board_nb": 61,
    "players": 2,
    "players_sets": [
      [
        12,
        13,
        14,
        15,
        16,
        38,
        39,
        40,
        50,
        51,
        52,
        53,
        54,
        55
      ],
      [
        5,
        6,
        7,
        8,
        9,
        10,
        20,
        21,
        22,
        44,
        45,
        46,
        47,
        48
      ]
    ]
  },
  "classical": {
    "id": 20,
    "board_nb": 61,
    "players": 2,
    "players_sets": [
      [
        45,
        46,
        47,
        50,
        51,
        52,
        53,
        54,
        55,
        56,
        57,
        58,
        59,
        60
      ],
      [
        0,
        1,
        2,
        3,
        4,
        5,
        6,
        7,
        8,
        9,
        10,
        13,
        14,
        15
      ]
    ]
  },
  "true-daisy": {
    "id": 21,
    "board_nb": 61,
    "players": 2,
    "players_sets": [
      [
        21,
        30,
        31,
        39,
        43,
        46,
        50,
        52,
        55,
        56,
        57,
        58,
        59,
        60
      ],
      [
        0,
        1,
        5,
        6,
        7,
        9,
        10,
        12,
        13,
        15,
        16,
        17,
        23,
        24
      ]
    ]
  },
  "aliening": {
    "id": 22,
    "board_nb": 61,
    "players": 2,
    "players_sets": [
      [
        6,
        7,
        8,
        9,
        12,
        16,
        18,
        20,
        23,
        25,
        36,
        41,
        46,
        58
      ],
      [
        2,
        14,
        19,
        24,
        35,
        37,
        40,
        42,
        44,
        48,
        51,
        52,
        53,
        54
      ]
    ]
  },
  "wedding-rings": {
    "id": 23,
    "board_nb": 61,
    "players": 2,
    "players_sets": [
      [
        8,
        9,
        15,
        16,
        21,
        24,
        29,
        33,
        38,
        41,
        46,
        48,
        53,
        54
      ],
      [
        6,
        7,
        12,
        14,
        19,
        22,
        27,
        31,
        36,
        39,
        44,
        45,
        51,
        52
      ]
    ]
  },
  "alien-attack": {
    "id": 24,
    "board_nb": 61,
    "players": 2,
    "players_sets": [
      [
        0,
        2,
        4,
        6,
        9,
        12,
        14,
        16,
        21,
        22,
        45,
        47,
        52,
        53
      ],
      [
        7,
        8,
        13,
        15,
        38,
        39,
        44,
        46,
        48,
        51,
        54,
        56,
        58,
        60
      ]
    ]
  },
  "6-9": {
    "id": 25,
    "board_nb": 61,
    "players": 2,
    "players_sets": [
      [
        12,
        36,
        37,
        40,
        41,
        43,
        47,
        49,
        50,
        51,
        52,
        53,
        54,
        55
      ],
      [
        5,
        6,
        7,
        8,
        9,
        10,
        11,
        13,
        17,
        19,
        20,
        23,
        24,
        48
      ]
    ]
  },
  "duel": {
    "id": 26,
    "board_nb": 61,
    "players": 2,
    "players_sets": [
      [
        3,
        8,
        9,
        10,
        15,
        18,
        26,
        27,
        35,
        47,
        53,
        54,
        55,
        59
      ],
      [
        1,
        5,
        6,
        7,
        13,
        25,
        33,
        34,
        42,
        45,
        50,
        51,
        52,
        57
      ]
    ]
  },
  "slaloms": {
    "id": 27,
    "board_nb": 61,
    "players": 2,
    "players_sets": [
      [
        27,
        28,
        29,
        35,
        43,
        44,
        45,
        46,
        47,
        54,
        56,
        57,
        58,
        59
      ],
      [
        1,
        2,
        3,
        4,
        6,
        13,
        14,
        15,
        16,
        17,
        25,
        31,
        32,
        33
      ]
    ]
  },
  "alitration": {
    "id": 28,
    "board_nb": 61,
    "players": 2,
    "players_sets": [
      [
        2,
        7,
        8,
        13,
        15,
        20,
        23,
        36,
        41,
        43,
        46,
        49,
        57,
        59
      ],
      [
        1,
        3,
        11,
        14,
        17,
        19,
        24,
        37,
        40,
        45,
        47,
        52,
        53,
        58
      ]
    ]
  },
  "snakes-variation": {
    "id": 29,
    "board_nb": 61,
    "players": 2,
    "players_sets": [
      [
        0,
        1,
        2,
        3,
        4,
        5,
        11,
        18,
        27,
        36,
        37,
        38,
        39,
        40
      ],
      [
        20,
        21,
        22,
        23,
        24,
        33,
        42,
        49,
        55,
        56,
        57,
        58,
        59,
        60
      ]
    ]
  },
  "i_m-a-robot": {
    "id": 30,
    "board_nb": 61,
    "players": 2,
    "players_sets": [
      [
        0,
        1,
        2,
        3,
        4,
        7,
        8,
        21,
        22,
        30,
        36,
        37,
        40,
        41
      ],
      [
        5,
        10,
        12,
        14,
        16,
        20,
        23,
        38,
        39,
        46,
        52,
        53,
        57,
        59
      ]
    ]
  },
  "atomouche": {
    "id": 31,
    "board_nb": 61,
    "players": 2,
    "players_sets": [
      [
        0,
        8,
        10,
        13,
        18,
        29,
        34,
        35,
        40,
        51,
        55,
        59
      ],
      [
        1,
        5,
        9,
        20,
        25,
        26,
        31,
        42,
        47,
        50,
        52,
        60
      ]
    ]
  },
  "def-or-atak": {
    "id": 32,
    "board_nb": 61,
    "players": 2,
    "players_sets": [
      [
        5,
        7,
        11,
        12,
        13,
        14,
        17,
        20,
        40,
        43,
        47,
        48,
        53,
        55
      ],
      [
        6,
        10,
        16,
        23,
        24,
        25,
        27,
        35,
        36,
        37,
        44,
        50,
        51,
        54
      ]
    ]
  },
  "oath": {
    "id": 33,
    "board_nb": 61,
    "players": 2,
    "players_sets": [
      [
        4,
        8,
        9,
        16,
        19,
        22,
        26,
        27,
        36,
        38,
        48,
        53,
        54,
        60
      ],
      [
        0,
        6,
        7,
        12,
        21,
        24,
        33,
        34,
        39,
        41,
        44,
        51,
        52,
        56
      ]
    ]
  },
  "cross": {
    "id": 34,
    "board_nb": 61,
    "players": 2,
    "players_sets": [
      [
        0,
        1,
        5,
        7,
        12,
        20,
        29,
        37,
        38,
        44,
        50,
        52,
        56,
        57
      ],
      [
        3,
        4,
        8,
        10,
        16,
        22,
        23,
        31,
        40,
        48,
        53,
        55,
        59,
        60
      ]
    ]
  },
  "french-king-cake1": {
    "id": 35,
    "board_nb": 61,
    "players": 2,
    "players_sets": [
      [
        2,
        3,
        4,
        7,
        26,
        35,
        37,
        40,
        41,
        43,
        44,
        49,
        55,
        60
      ],
      [
        0,
        5,
        11,
        16,
        17,
        19,
        20,
        23,
        25,
        34,
        53,
        56,
        57,
        58
      ]
    ]
  },
  "checkerboard": {
    "id": 36,
    "board_nb": 61,
    "players": 2,
    "players_sets": [
      [
        5,
        7,
        9,
        19,
        21,
        23,
        25,
        35,
        37,
        39,
        41,
        51,
        53,
        55
      ],
      [
        6,
        8,
        10,
        18,
        20,
        22,
        24,
        36,
        38,
        40,
        42,
        50,
        52,
        54
      ]
    ]
  },
  "tinsels": {
    "id": 37,
    "board_nb": 61,
    "players": 2,
    "players_sets": [
      [
        1,
        3,
        13,
        15,
        17,
        28,
        31,
        33,
        35,
        44,
        46,
        54,
        56,
        58
      ],
      [
        2,
        4,
        6,
        14,
        16,
        25,
        27,
        29,
        32,
        43,
        45,
        47,
        57,
        59
      ]
    ]
  },
  "dutch-daisy": {
    "id": 38,
    "board_nb": 61,
    "players": 2,
    "players_sets": [
      [
        3,
        4,
        6,
        8,
        10,
        15,
        16,
        44,
        45,
        50,
        52,
        54,
        56,
        57
      ],
      [
        0,
        1,
        5,
        7,
        9,
        12,
        13,
        47,
        48,
        51,
        53,
        55,
        59,
        60
      ]
    ]
  },
  "snakes": {
    "id": 39,
    "board_nb": 61,
    "players": 2,
    "players_sets": [
      [
        0,
        1,
        2,
        3,
        4,
        5,
        11,
        18,
        21,
        22,
        27,
        29,
        36,
        37
      ],
      [
        23,
        24,
        31,
        33,
        38,
        39,
        42,
        49,
        55,
        56,
        57,
        58,
        59,
        60
      ]
    ]
  },
  "face-2-face": {
    "id": 40,
    "board_nb": 61,
    "players": 2,
    "players_sets": [
      [
        16,
        17,
        23,
        24,
        25,
        31,
        32,
        33,
        34,
        40,
        41,
        42,
        48,
        49
      ],
      [
        11,
        12,
        18,
        19,
        20,
        26,
        27,
        28,
        29,
        35,
        36,
        37,
        43,
        44
      ]
    ]
  },
  "intimidation": {
    "id": 41,
    "board_nb": 61,
    "players": 2,
    "players_sets": [
      [
        5,
        11,
        12,
        18,
        19,
        20,
        45,
        46,
        47,
        52,
        53,
        57,
        58,
        59
      ],
      [
        1,
        2,
        3,
        7,
        8,
        13,
        14,
        15,
        40,
        41,
        42,
        48,
        49,
        55
      ]
    ]
  },
  "buttonhole": {
    "id": 42,
    "board_nb": 61,
    "players": 2,
    "players_sets": [
      [
        8,
        9,
        18,
        19,
        22,
        26,
        28,
        31,
        33,
        35,
        36,
        39,
        53,
        54
      ],
      [
        6,
        7,
        21,
        24,
        25,
        27,
        29,
        32,
        34,
        38,
        41,
        42,
        51,
        52
      ]
    ]
  },
  "horseshoes": {
    "id": 43,
    "board_nb": 61,
    "players": 2,
    "players_sets": [
      [
        0,
        1,
        5,
        7,
        11,
        13,
        20,
        40,
        47,
        49,
        53,
        55,
        59,
        60
      ],
      [
        2,
        3,
        4,
        10,
        14,
        15,
        16,
        44,
        45,
        46,
        50,
        56,
        57,
        58
      ]
    ]
  },
  "scottish-daisy": {
    "id": 44,
    "board_nb": 61,
    "players": 2,
    "players_sets": [
      [
        1,
        4,
        5,
        8,
        9,
        13,
        16,
        44,
        47,
        51,
        52,
        55,
        56,
        59
      ],
      [
        0,
        3,
        6,
        7,
        10,
        12,
        15,
        45,
        48,
        50,
        53,
        54,
        57,
        60
      ]
    ]
  },
  "xmas-star": {
    "id": 45,
    "board_nb": 61,
    "players": 2,
    "players_sets": [
      [
        11,
        12,
        15,
        16,
        17,
        19,
        20,
        23,
        24,
        28,
        47,
        52,
        53,
        58
      ],
      [
        2,
        7,
        8,
        13,
        32,
        36,
        37,
        40,
        41,
        43,
        44,
        45,
        48,
        49
      ]
    ]
  },
  "star": {
    "id": 46,
    "board_nb": 61,
    "players": 2,
    "players_sets": [
      [
        0,
        9,
        13,
        17,
        22,
        27,
        29,
        32,
        34,
        39,
        45,
        49,
        54,
        56
      ],
      [
        4,
        6,
        11,
        15,
        21,
        26,
        28,
        31,
        33,
        38,
        43,
        47,
        51,
        60
      ]
    ]
  },
  "april-fish": {
    "id": 47,
    "board_nb": 61,
    "players": 2,
    "players_sets": [
      [
        9,
        38,
        44,
        45,
        46,
        48,
        50,
        52,
        53,
        54,
        56,
        57,
        58,
        60
      ],
      [
        0,
        2,
        3,
        4,
        6,
        7,
        8,
        10,
        12,
        14,
        15,
        16,
        22,
        51
      ]
    ]
  },
  "pyramid": {
    "id": 48,
    "board_nb": 61,
    "players": 2,
    "players_sets": [
      [
        31,
        32,
        33,
        34,
        39,
        40,
        41,
        42,
        47,
        48,
        49,
        54,
        55,
        60
      ],
      [
        0,
        5,
        6,
        11,
        12,
        13,
        18,
        19,
        20,
        21,
        26,
        27,
        28,
        29
      ]
    ]
  },
  "mquorric-1": {
    "id": 49,
    "board_nb": 61,
    "players": 2,
    "players_sets": [
      [
        6,
        7,
        8,
        12,
        15,
        19,
        23,
        28,
        31,
        37,
        38,
        39,
        48,
        53
      ],
      [
        13,
        14,
        20,
        21,
        22,
        29,
        30,
        47,
        49,
        54,
        55,
        58,
        59,
        60
      ]
    ]
  },
  "corners": {
    "id": 50,
    "board_nb": 61,
    "players": 2,
    "players_sets": [
      [
        0,
        1,
        5,
        9,
        21,
        25,
        27,
        34,
        42,
        50,
        54,
        56,
        57
      ],
      [
        3,
        4,
        6,
        10,
        18,
        26,
        33,
        35,
        39,
        51,
        55,
        59,
        60
      ]
    ]
  },
  "irish-daisy": {
    "id": 51,
    "board_nb": 61,
    "players": 2,
    "players_sets": [
      [
        14,
        19,
        20,
        23,
        24,
        27,
        29,
        31,
        33,
        36,
        37,
        40,
        41,
        46
      ],
      [
        7,
        8,
        13,
        15,
        21,
        22,
        28,
        32,
        38,
        39,
        45,
        47,
        52,
        53
      ]
    ]
  },
  "crossed-hearts": {
    "id": 52,
    "board_nb": 61,
    "players": 2,
    "players_sets": [
      [
        0,
        1,
        3,
        4,
        5,
        7,
        8,
        10,
        12,
        16,
        20,
        23,
        29,
        38
      ],
      [
        22,
        31,
        37,
        40,
        44,
        48,
        50,
        52,
        53,
        55,
        56,
        57,
        59,
        60
      ]
    ]
  },
  "fracture": {
    "id": 53,
    "board_nb": 61,
    "players": 2,
    "players_sets": [
      [
        2,
        15,
        16,
        17,
        22,
        27,
        31,
        32,
        35,
        36,
        37,
        40,
        47,
        53
      ],
      [
        7,
        13,
        20,
        23,
        24,
        25,
        28,
        29,
        33,
        38,
        43,
        44,
        45,
        58
      ]
    ]
  },
  "_test": {
    "id": 54,
    "board_nb": 61,
    "players": 2,
    "players_sets": [
      [],
      []
    ]
  },
  "fujiyama1": {
    "id": 55,
    "board_nb": 61,
    "players": 2,
    "players_sets": [
      [
        7,
        8,
        14,
        38,
        39,
        45,
        47,
        51,
        54,
        56,
        57,
        58,
        59,
        60
      ],
      [
        0,
        1,
        2,
        3,
        4,
        6,
        9,
        13,
        15,
        21,
        22,
        46,
        52,
        53
      ]
    ]
  },
  "crown": {
    "id": 56,
    "board_nb": 61,
    "players": 2,
    "players_sets": [
      [
        2,
        5,
        7,
        8,
        10,
        12,
        13,
        15,
        16,
        20,
        21,
        22,
        23,
        46
      ],
      [
        14,
        37,
        38,
        39,
        40,
        44,
        45,
        47,
        48,
        50,
        52,
        53,
        55,
        58
      ]
    ]
  },
  "food-mill": {
    "id": 57,
    "board_nb": 61,
    "players": 2,
    "players_sets": [
      [
        3,
        4,
        6,
        12,
        22,
        24,
        26,
        33,
        35,
        38,
        51,
        52,
        55,
        60
      ],
      [
        0,
        5,
        8,
        9,
        25,
        27,
        29,
        31,
        34,
        36,
        48,
        54,
        56,
        57
      ]
    ]
  },
  "the-wall": {
    "id": 58,
    "board_nb": 61,
    "players": 2,
    "players_sets": [
      [
        35,
        36,
        37,
        38,
        39,
        40,
        41,
        42,
        44,
        45,
        46,
        47,
        48,
        58
      ],
      [
        2,
        12,
        13,
        14,
        15,
        16,
        18,
        19,
        20,
        21,
        22,
        23,
        24,
        25
      ]
    ]
  },
  "domination": {
    "id": 59,
    "board_nb": 61,
    "players": 2,
    "players_sets": [
      [
        10,
        16,
        17,
        23,
        24,
        25,
        29,
        31,
        35,
        36,
        37,
        43,
        44,
        50
      ],
      [
        5,
        11,
        12,
        18,
        19,
        20,
        21,
        39,
        40,
        41,
        42,
        48,
        49,
        55
      ]
    ]
  },
  "forcing": {
    "id": 60,
    "board_nb": 61,
    "players": 2,
    "players_sets": [
      [
        15,
        18,
        22,
        23,
        24,
        26,
        27,
        28,
        31,
        35,
        39,
        40,
        41,
        47
      ],
      [
        13,
        19,
        20,
        21,
        25,
        29,
        32,
        33,
        34,
        36,
        37,
        38,
        42,
        45
      ]
    ]
  }
}